Price,Close,High,Low,Open,Volume
Ticker,RELIANCE.NS,RELIANCE.NS,RELIANCE.NS,RELIANCE.NS,RELIANCE.NS
Date,,,,,
2023-01-02,1175.8896484375,1177.3048023328713,1163.244668797144,1164.066351583663,5316175
2023-01-03,1167.2845458984375,1174.5657054277967,1163.0620263922654,1170.9365362462836,7658932
2023-01-04,1149.7095947265625,1169.1107276232437,1147.6325061253483,1167.2618507099899,9264891
2023-01-05,1147.6553955078125,1157.858149023016,1143.0676158255733,1151.969321148222,13637099
2023-01-06,1158.086181640625,1163.1305046928026,1149.595379440652,1153.4071180013361,6349597
2023-01-09,1185.4302978515625,1187.8041821914996,1161.0306065888913,1161.9207528429104,10722753
2023-01-10,1167.90087890625,1189.6301316742909,1162.2403842296717,1189.6301316742909,8047142
2023-01-11,1153.1790771484375,1167.7184566325625,1150.873655990327,1165.2077656913489,11509553
2023-01-12,1128.2769775390625,1156.077627831873,1125.2641003718309,1152.5855061360771,17688773
2023-01-13,1126.451171875,1128.8705782042637,1111.3867843100481,1122.2513519945564,20618583
2023-01-16,1115.723388671875,1131.951774613395,1107.917221092014,1128.7791493112115,13623855
2023-01-17,1131.56396484375,1133.4811846812154,1118.690771838856,1122.0687880986452,10751000
2023-01-18,1129.692138671875,1137.178689301756,1123.1414974309203,1129.1444306357287,13448286
2023-01-19,1128.4825439453125,1132.6366004638107,1121.4524163802744,1128.8705038207283,11940054
2023-01-20,1115.0615234375,1129.8291140692525,1112.596474928504,1129.8291140692525,14930286
2023-01-23,1109.4237060546875,1125.811961602633,1107.004299933337,1117.960272105855,10954118
2023-01-24,1102.873046875,1115.51790607312,1089.8171651533376,1113.851719292168,16488755
2023-01-25,1087.6259765625,1102.302402806859,1086.461976225218,1101.2753294802073,12385018
2023-01-27,1066.992431640625,1089.817223588686,1055.260418546103,1088.4706538388855,25830975
2023-01-30,1077.218017578125,1082.764407064242,1050.3987961919847,1064.4132886312711,21772103
2023-01-31,1074.5244140625,1089.9540573273835,1068.6584086670991,1087.3747826880974,22691594
2023-02-01,1068.1563720703125,1086.4390237052419,1052.2245419941687,1086.4390237052419,19347800
2023-02-02,1062.2447509765625,1071.85391093282,1054.9635914721293,1058.1590377354637,13662663
2023-02-03,1063.1806640625,1072.3105805967245,1046.7467660021255,1072.3105805967245,24699575
2023-02-06,1055.169189453125,1059.528757546533,1052.5900349184292,1056.7897340697052,14837879
2023-02-07,1052.6356201171875,1062.4502927137798,1046.7467924098464,1055.4202857843334,15135435
2023-02-08,1073.6573486328125,1077.28651848918,1053.1378561171298,1055.876758827137,21160332
2023-02-09,1075.52880859375,1082.284961068636,1065.463103759131,1074.341987106508,13172763
2023-02-10,1066.6728515625,1075.0039060071294,1059.6655455942528,1075.0039060071294,10790445
2023-02-13,1060.6014404296875,1072.7670546240697,1056.127767130611,1068.293381324993,10352493
2023-02-14,1085.5947265625,1087.329376978281,1060.738487756277,1063.6144381671827,14321920
2023-02-15,1110.1768798828125,1112.5735854842064,1083.2664969637603,1084.6358877756606,33503591
2023-02-16,1109.3094482421875,1124.7162706791198,1107.0269694456317,1118.1655094417106,17264487
2023-02-17,1113.94287109375,1117.2753650050747,1100.4305676175113,1104.7216712307097,11809520
2023-02-20,1102.16552734375,1118.3026298698114,1100.2025445254703,1116.13425652598,8836937
2023-02-21,1111.1585693359375,1116.9559918914763,1101.2296696771075,1106.5479683974272,13311592
2023-02-22,1085.959716796875,1109.2866925279875,1084.2022454513722,1107.4379365148654,11024335
2023-02-23,1080.7557373046875,1093.1953270218976,1077.9483712962124,1085.5490279902117,9851910
2023-02-24,1088.1510009765625,1093.8344379808216,1080.9840672539892,1082.8100022510873,9434053
2023-02-27,1080.91552734375,1090.8672478016565,1073.543202799622,1087.3750050988056,11199715
2023-02-28,1060.2362060546875,1080.5274845520237,1056.1734344203933,1075.5516247048565,21994038
2023-03-01,1069.982421875,1070.712820002187,1060.5557097259696,1070.0280642112666,11551145
2023-03-02,1061.8338623046875,1073.5202315216086,1059.8024162422653,1066.8325430044117,9333535
2023-03-03,1088.9271240234375,1092.6019362119685,1068.9098180563456,1072.3791189632545,14643807
2023-03-06,1099.5633544921875,1106.8216933590497,1095.5918675399987,1095.5918675399987,10171916
2023-03-08,1103.5120849609375,1104.265304210858,1088.7443751303776,1099.5632986303585,15782657
2023-03-09,1076.9896240234375,1103.3066574341256,1075.095225544964,1102.8958764013148,16235128
2023-03-10,1060.3046875,1070.0280749321848,1056.8124450060086,1068.8868957671646,13334091
2023-03-13,1042.8665771484375,1070.0281154160118,1038.5298305140532,1063.1806779260546,12771592
2023-03-14,1038.9635009765625,1052.2018311560978,1035.8136967949142,1040.812257084253,16027522
2023-03-15,1021.205810546875,1049.1662111592916,1016.800600298463,1042.6840329673732,21728555
2023-03-16,1016.1157836914062,1028.9433330363881,1005.2968594074098,1023.921951504309,18363159
2023-03-17,1014.8377075195312,1028.007574780085,1010.0901194945558,1024.7208434439497,34014213
2023-03-20,1004.8632202148438,1013.4225471579439,995.1626537042278,1011.1400680229121,19524589
2023-03-21,1036.1102294921875,1038.0732119172073,1012.0528577510236,1012.9430039303461,21400360
2023-03-22,1039.26025390625,1046.0392280531037,1036.2473765076484,1043.0948141638403,10920094
2023-03-23,1026.1131591796875,1036.2016854580306,1023.9447859117854,1035.3343603002547,16249370
2023-03-24,1005.7989501953125,1027.117362031003,1003.3795441878093,1024.9489888672188,12375945
2023-03-27,1021.4338989257812,1028.9432703448797,1004.3838307288752,1012.2812223607901,14054323
2023-03-28,1026.2044677734375,1030.0846702786253,1021.1829653124684,1024.8349561252708,12576424
2023-03-29,1020.1329956054688,1024.743595933455,1009.3596536883372,1022.0958575091914,18804065
2023-03-31,1064.116455078125,1069.7770709600845,1029.2629756900762,1029.3999027039445,28171201
2023-04-03,1064.299072265625,1072.3106311531849,1056.7896998650788,1070.4846960590223,10293043
2023-04-05,1061.74267578125,1071.8540232011114,1053.8453439607506,1071.8540232011114,16262928
2023-04-06,1068.8638916015625,1074.592970502133,1058.2275373074351,1058.2275373074351,18435046
2023-04-10,1061.2861328125,1072.9496819536614,1059.779694186431,1072.7671126043012,12961408
2023-04-11,1066.535888671875,1068.6586196822263,1060.9210357303307,1065.4631729553812,10542367
2023-04-12,1071.23779296875,1080.8925957399235,1063.6599579243734,1066.5357872569193,18179087
2023-04-13,1075.27783203125,1079.9797173840186,1069.1151503508545,1074.1365320735108,12378208
2023-04-17,1080.73291015625,1106.9814803229494,1072.333391852291,1106.9814803229494,17929479
2023-04-18,1068.3619384765625,1085.0925121063174,1061.8111761257844,1085.0925121063174,10405576
2023-04-19,1073.6800537109375,1076.3733137885806,1064.64142217666,1067.768405195298,12273475
2023-04-20,1070.9637451171875,1076.875393044396,1064.5956738732273,1074.638556551585,7007330
2023-04-21,1072.310546875,1077.7884724738815,1066.5586465106753,1073.0637661728558,7647317
2023-04-24,1076.4190673828125,1086.8727319946267,1071.8539885727766,1084.1794719407253,12936186
2023-04-25,1084.6588134765625,1086.7359021827194,1072.995384428631,1080.0710338352167,9236126
2023-04-26,1078.290771484375,1089.2467445727555,1074.6159592843226,1086.005534613959,8617834
2023-04-27,1085.1153564453125,1088.2879820525134,1079.158065119624,1084.1795677314856,9167125
2023-04-28,1104.9500732421875,1106.5022750107378,1087.2608896802224,1087.374995527852,15565210
2023-05-02,1114.3311767578125,1116.4995501680314,1108.4195276994035,1112.1171610071847,12981805
2023-05-03,1104.7674560546875,1116.1342091904096,1101.549188303151,1116.1342091904096,7061872
2023-05-04,1117.503662109375,1119.717677582049,1102.2567073883076,1105.2467632974385,8635233
2023-05-05,1114.650634765625,1123.5979821409157,1112.0258380416835,1114.3083172243437,8746585
2023-05-08,1128.4139404296875,1133.7777597410543,1115.7461404298203,1118.4165791288924,9153782
2023-05-09,1131.90625,1135.2159233997013,1124.4653410768628,1129.8291612797643,6464721
2023-05-10,1139.6895751953125,1141.173192717246,1132.659447469911,1136.6766978121202,10872255
2023-05-11,1132.2486572265625,1145.578272899187,1130.536707274967,1140.7622816578707,10557860
2023-05-12,1134.097412109375,1135.4897449397138,1121.3839680276494,1127.4553650769165,6955341
2023-05-15,1136.334228515625,1143.318592964205,1128.9846046154787,1136.6310244600713,6833343
2023-05-16,1120.1513671875,1141.058816015231,1118.4850597805391,1138.5024831085086,8717229
2023-05-17,1113.5322265625,1125.2641183192468,1108.830341392445,1124.3511508366894,8798967
2023-05-18,1111.1356201171875,1121.6122266625744,1107.9856952056505,1118.2112689036005,10525531
2023-05-19,1114.7418212890625,1116.5678769225615,1104.1967514891073,1111.1355938507186,8050447
2023-05-22,1120.6990966796875,1125.720598669704,1110.3595382742935,1111.5691808774143,7434906
2023-05-23,1120.49365234375,1126.6335119735163,1119.0784985578177,1123.2783175836105,6092034
2023-05-24,1113.9659423828125,1124.8078096781505,1110.8617801773491,1116.5452176617491,8112254
2023-05-25,1113.8289794921875,1117.9603357408223,1102.9187697829475,1111.0672556833676,11487863
2023-05-26,1144.2088623046875,1145.3500415058625,1118.7591533794464,1122.0687058844728,12626260
2023-05-29,1150.645263671875,1154.9363674405995,1144.5282250956022,1150.8278330032474,10010304
2023-05-30,1150.3486328125,1158.451475420254,1147.7921790871794,1150.645307987406,11342504
2023-05-31,1127.5009765625,1145.7381091276332,1123.4382047768395,1141.2416143873527,27107927
2023-06-01,1124.46533203125,1134.34858906371,1122.068746948841,1132.1802156805027,14592692
2023-06-02,1120.7904052734375,1133.412563645759,1118.8731857024297,1128.003101699598,15800644
2023-06-05,1130.856201171875,1133.8234358683376,1122.2739934203582,1126.2684221252366,10908682
2023-06-06,1131.81494140625,1135.626680467698,1123.8947880782737,1133.6866395560062,7493309
2023-06-07,1140.3970947265625,1141.241598708449,1128.7335456658939,1135.3071289198083,10312545
2023-06-08,1141.0816650390625,1148.9334747780272,1137.1329993758209,1143.9804362633743,12071109
2023-06-09,1133.001953125,1145.1447480583759,1131.1987183736474,1144.437171009834,5877018
2023-06-12,1134.006103515625,1136.311403822295,1125.2641468372988,1130.0574375493186,6391969
2023-06-13,1150.759521484375,1151.946463788879,1134.9647365494955,1138.9591656822827,11248016
2023-06-14,1164.910888671875,1166.3488637759137,1149.0019986007082,1150.827933567815,13277380
2023-06-15,1165.23046875,1169.7954267696327,1157.4471223513988,1164.888030487722,11813494
2023-06-16,1176.574462890625,1178.856942021871,1168.72265257123,1168.72265257123,24171579
2023-06-19,1164.8880615234375,1179.5873088461865,1160.7111839901809,1179.5873088461865,6798554
2023-06-20,1167.3074951171875,1170.457299404325,1157.2189687814275,1162.9480481347903,6921096
2023-06-21,1170.59423828125,1173.127750027222,1163.1533304634168,1167.2617442064677,6961603
2023-06-22,1157.4471435546875,1174.702723824018,1155.8494202932393,1166.8053921892115,7619166
2023-06-23,1147.974853515625,1156.4884770186727,1146.7194478373872,1154.434209748897,6628570
2023-06-26,1139.210205078125,1148.2716583591261,1136.0832218598148,1144.437098137329,12641159
2023-06-27,1139.62109375,1145.578264166708,1135.1474200849475,1139.666736088607,9689466
2023-06-28,1154.708251953125,1158.519990797568,1140.2600374666351,1147.1760589375283,11354006
2023-06-30,1164.1805419921875,1167.1021346662303,1156.511421596289,1162.423070452648,11151555
2023-07-03,1194.0582275390625,1196.9341777415286,1166.5086096788432,1167.741194264735,12154387
2023-07-04,1181.755615234375,1198.3036177471888,1174.6798459927943,1198.3036177471888,8061643
2023-07-05,1179.8155517578125,1190.9997357239995,1175.8440646341217,1190.9997357239995,10248062
2023-07-06,1204.5804443359375,1207.1824197013011,1175.958111582341,1175.958111582341,19117987
2023-07-07,1202.2296142578125,1216.5407819731026,1199.6731602419495,1202.8687277617782,13375267
2023-07-10,1248.5411376953125,1258.1047776229054,1221.128565671655,1227.4738168988026,33240016
2023-07-11,1262.076171875,1264.4955779542368,1249.705166712445,1256.6895309307056,20069348
2023-07-12,1263.4683837890625,1279.1034182559108,1260.6837185366455,1262.8064492251153,18733835
2023-07-13,1252.170166015625,1277.7339788902639,1249.545369524751,1270.8408996155135,14682934
2023-07-14,1251.1202392578125,1260.3414396091937,1243.9988277461352,1255.365580017741,15124144
2023-07-17,1276.6842041015625,1285.060901535764,1245.3228457945552,1253.9963391795925,22220040
2023-07-18,1287.52587890625,1295.286283587151,1274.995004828538,1285.9509768018002,25867313
2023-07-19,1297.294921875,1303.7543992835303,1276.8210735612868,1291.8854597114334,39122156
2023-07-20,1295.723876953125,1301.213635792283,1276.014839753512,1276.014839753512,38717624
2023-07-21,1255.6134033203125,1293.2755748788927,1248.1205739980844,1290.3576048302098,30249238
2023-07-24,1230.216796875,1243.8424839995957,1221.2649818512405,1227.0515368964086,23727866
2023-07-25,1229.425537109375,1239.0203294862108,1226.5569523456327,1233.4810641733905,12026020
2023-07-26,1249.4063720703125,1259.6936470475673,1229.029726310642,1229.029726310642,12911012
2023-07-27,1237.7838134765625,1255.06933898356,1231.6758304667376,1253.2889256301971,17226898
2023-07-28,1250.2225341796875,1257.6412248805652,1236.7204929547063,1242.4081558253793,20827852
2023-07-31,1260.8065185546875,1263.1062644351005,1245.3261593927457,1250.222567835286,8551174
2023-08-01,1242.9769287109375,1265.6286894674379,1239.0697997346808,1263.6503718598296,9536632
2023-08-02,1229.697509765625,1242.383422770223,1218.4458286875906,1240.9985763343113,12748214
2023-08-03,1224.5291748046875,1236.8936606795558,1215.7010043381908,1224.23249959185,10168350
2023-08-04,1241.171630859375,1244.3616435147105,1222.4023686926273,1235.8549028515122,22885610
2023-08-07,1248.244140625,1250.494380069662,1238.9212715800145,1246.8345411789287,5982870
2023-08-08,1240.7264404296875,1253.486611833248,1236.2258407843067,1250.2965991690858,9844072
2023-08-09,1248.911865234375,1250.7912910864598,1227.1009863432985,1238.8472469851743,11486586
2023-08-10,1254.4759521484375,1261.1775274732204,1240.627728317359,1248.7882887892447,15470598
2023-08-11,1259.767822265625,1265.5544976220099,1242.5565564009414,1252.4975295128647,22179330
2023-08-14,1274.6546630859375,1277.1523130180672,1248.8128913733601,1255.737002454242,9575812
2023-08-16,1273.6160888671875,1277.3996937112483,1261.672044700447,1261.672044700447,10203112
2023-08-17,1255.2425537109375,1275.0752365265755,1252.695518025622,1269.6348629683328,13673744
2023-08-18,1264.54052734375,1274.8278021449016,1240.6770733077956,1251.9040005908723,18639978
2023-08-21,1250.74267578125,1268.3374245054665,1248.5836072167706,1260.6443643964944,9221746
2023-08-22,1250.44482421875,1259.6517042081298,1240.319812990251,1249.204008079304,7713044
2023-08-23,1251.8345947265625,1262.0838090060652,1249.2288807667073,1252.8272476636503,9517952
2023-08-24,1230.7904052734375,1260.6195534341234,1226.4227081001463,1260.6195534341234,14140020
2023-08-25,1225.1075439453125,1243.2978613921046,1212.3271367872899,1218.9778633049934,22222400
2023-08-28,1212.8978271484375,1232.8749678308823,1206.6193456890517,1226.9190501118926,12580826
2023-08-29,1201.2838134765625,1217.7121468384466,1195.2285336373561,1217.0173382536789,16876644
2023-08-30,1200.1422119140625,1212.5255327642963,1198.628391987628,1207.0659417448908,12168946
2023-08-31,1194.65771484375,1203.5915905675504,1191.133748727762,1202.5989377093504,21638600
2023-09-01,1197.4619140625,1203.9141576589248,1192.0023233270636,1194.4343955405523,18112842
2023-09-04,1196.494140625,1202.921543874001,1193.8140262826475,1197.4619529612135,9347626
2023-09-05,1202.8968505859375,1208.033756715794,1197.3627378820318,1201.1100268699734,8675876
2023-09-06,1205.4281005859375,1209.125708635972,1199.745186611218,1201.6560920331103,8200370
2023-09-07,1207.06591796875,1210.1679582595825,1196.6430625915527,1201.9537313347682,13652572
2023-09-08,1215.1064453125,1218.9778160313297,1202.5742018862823,1211.0365924741222,23109288
2023-09-11,1228.20947265625,1229.326207160582,1216.9924464989115,1216.9924464989115,13271074
2023-09-12,1210.4659423828125,1232.3787090583842,1209.0265228175713,1232.3787090583842,16255666
2023-09-13,1216.52099609375,1222.2783103355039,1204.2120756300537,1211.0365644667,12803338
2023-09-14,1217.6376953125,1223.8417758931353,1213.5181615722684,1220.9630582690309,9209636
2023-09-15,1219.8961181640625,1224.9337835939812,1215.7517434819517,1224.9337835939812,25468592
2023-09-18,1209.274658203125,1216.4962329024152,1207.0908701058952,1211.061482045193,7516300
2023-09-20,1182.323974609375,1204.8821081322808,1168.8487603007638,1202.623798606989,57081884
2023-09-21,1173.712890625,1186.2699748730859,1171.3304992731428,1178.750555955457,12226182
2023-09-22,1168.8240966796875,1182.47307577697,1166.3673046768697,1179.2717940052096,19176786
2023-09-25,1161.6273193359375,1171.6779308453931,1158.9720452955405,1166.5657437194718,14254884
2023-09-26,1162.6446533203125,1166.4663425671888,1159.2200494490667,1160.684188171601,10087782
2023-09-27,1175.7476806640625,1177.1871000752483,1160.6594050312615,1163.1410372849095,11722778
2023-09-28,1158.4755859375,1182.7459002555731,1153.9589668880435,1182.7459002555731,14518346
2023-09-29,1163.8856201171875,1175.847137006539,1158.475709840611,1162.2973995824232,12342014
2023-10-03,1150.55908203125,1159.220075299941,1149.492028660551,1156.415758225436,8859056
2023-10-04,1148.5738525390625,1150.981084388904,1139.1189302205564,1146.0178196869251,10286386
2023-10-05,1148.549072265625,1156.14276991832,1146.017758932428,1151.105104982258,10953682
2023-10-06,1150.4847412109375,1153.8597853939605,1147.5316229908371,1150.0132553057874,5431026
2023-10-09,1140.6822509765625,1147.4818990309532,1139.0691900320726,1145.5711149238573,7576878
2023-10-10,1145.719970703125,1150.435072150941,1143.4121010954177,1144.8018394410437,10236032
2023-10-11,1163.910400390625,1166.2182699823193,1148.0031129607796,1148.7227620999727,9814118
2023-10-12,1166.0693359375,1171.0078811502246,1160.485663265934,1163.3148210249558,12554450
2023-10-13,1166.0198974609375,1170.0897506197043,1156.0188455521982,1161.4040366702475,10150316
2023-10-16,1163.4140625,1168.6254903286665,1159.4186102633319,1163.885548402189,5929036
2023-10-17,1168.972900390625,1171.18152891328,1162.0491704758838,1169.3451452373686,7928180
2023-10-18,1153.4627685546875,1174.8048077319042,1151.9737890772074,1168.9729714451066,8918320
2023-10-19,1144.603271484375,1152.37085365543,1142.0472385636656,1147.5068298823098,12032556
2023-10-20,1141.104248046875,1148.846868358942,1139.7145096810816,1141.5508934053469,8913312
2023-10-23,1123.2861328125,1144.6530132953733,1119.3403612940447,1136.5877075106362,7853962
2023-10-25,1120.6802978515625,1132.219887961399,1113.2602415640138,1116.7593673158804,11620688
2023-10-26,1105.0709228515625,1120.7052071856403,1101.9937228681183,1117.2309217780673,15222534
2023-10-27,1124.5765380859375,1128.3982276638756,1109.761144511754,1111.7712909465938,11771084
2023-10-30,1147.7548828125,1153.958963260135,1126.6361687340607,1128.6463150337838,16813304
2023-10-31,1135.5452880859375,1155.4480281047179,1133.0636557231696,1155.4480281047179,12808438
2023-11-01,1140.2603759765625,1150.236586425296,1129.2419526519689,1136.1656826268284,10309190
2023-11-02,1151.57666015625,1153.6116471680004,1145.4966608528325,1148.4746196953226,10562104
2023-11-03,1151.3284912109375,1158.897469898072,1149.3680258840427,1155.0509397455937,8850156
2023-11-06,1160.9075927734375,1161.4039192346488,1154.256866662586,1157.5822297180116,10647304
2023-11-07,1153.3634033203125,1160.9572220726066,1151.2540159543112,1158.4507493206686,6960204
2023-11-08,1159.368896484375,1161.900209827792,1152.3459257444151,1157.4332718147846,7884494
2023-11-09,1146.787109375,1159.3689122452765,1143.6353879313751,1159.344192861405,14513610
2023-11-10,1148.946044921875,1149.6658152095554,1140.5830169850344,1144.3054653415224,7734954
2023-11-13,1148.7972412109375,1153.7605056745233,1147.3578218124285,1152.9166537769547,3854810
2023-11-15,1169.5684814453125,1172.2982770196893,1154.9516911953863,1161.4039352802765,12220648
2023-11-16,1171.6778564453125,1178.3534231349859,1164.8533675821152,1166.9131951067154,13134910
2023-11-17,1169.121826171875,1177.9067803474445,1167.3846835483773,1167.8064883385834,7758634
2023-11-20,1166.044677734375,1170.5363354915235,1159.617152805321,1165.647592311094,4490186
2023-11-21,1180.7109375,1185.227556641674,1171.4296571663483,1174.3083747965666,8214450
2023-11-22,1185.326904296875,1188.4289448727575,1177.3856804226161,1178.7754188353035,8534814
2023-11-23,1188.9500732421875,1191.1835423841578,1185.3268657327444,1185.3268657327444,8531542
2023-11-24,1188.1558837890625,1192.474021001291,1186.7414260587238,1187.0144298509326,6749486
2023-11-28,1188.404052734375,1191.034607263244,1178.899449291774,1188.1558894990753,13792174
2023-11-29,1191.5308837890625,1197.1145563492605,1190.2156671664848,1195.1540911072586,12531306
2023-11-30,1179.9913330078125,1191.530923348677,1176.2440439527552,1188.5529645510346,28439984
2023-12-01,1188.3544921875,1189.3967050711567,1180.0658643673892,1180.2643464861462,14342842
2023-12-04,1201.209228515625,1215.9997806950958,1190.4886500919326,1215.9997806950958,15590990
2023-12-05,1209.9197998046875,1211.4584602643838,1201.9288955146308,1210.540207865299,12693624
2023-12-06,1221.5091552734375,1227.3905513904704,1208.5549856031337,1214.560584514323,16422442
2023-12-07,1219.4990234375,1221.4346482742724,1212.0292855470004,1220.9631623446442,8142096
2023-12-08,1218.853759765625,1229.251775342433,1213.5182500771466,1222.874052744466,10204894
2023-12-11,1220.6405029296875,1224.7351961410227,1217.1909371644088,1218.9777608532804,7066138
2023-12-12,1203.1202392578125,1223.41994400905,1201.1844932637518,1220.9631521449135,9197124
2023-12-13,1208.03369140625,1210.2176004047437,1194.3103140708777,1202.102614795848,10031182
2023-12-14,1223.0228271484375,1228.3831772791464,1212.3518080035872,1217.9851619285064,16972354
2023-12-15,1238.6324462890625,1240.8162343922088,1225.951280138882,1229.8970515295573,15932152
2023-12-18,1251.239013671875,1258.1379030406688,1236.3243792186838,1238.6323699765335,14165188
2023-12-19,1269.6527099609375,1277.4945707453207,1253.3234974409622,1268.1140495332209,16820604
2023-12-20,1254.2913818359375,1289.8780864366483,1250.7426960684581,1276.080186427869,17736722
2023-12-21,1271.8614501953125,1277.2962009364337,1249.8741628164655,1254.2170195322976,13765454
2023-12-22,1273.1021728515625,1280.968874306117,1264.4660199985942,1270.3972179591544,16541784
2023-12-26,1279.554443359375,1286.453332624264,1271.935783794956,1274.5663382448713,7465664
2023-12-27,1283.922119140625,1290.3990823415181,1277.0976304877347,1281.514887400953,9204156
2023-12-28,1293.203369140625,1296.4046504171113,1283.9220890250845,1285.3862277761266,12302636
2023-12-29,1282.9791259765625,1297.397434632089,1280.174929799553,1295.9581362918193,10864584
2024-01-01,1285.6097412109375,1293.8488097378856,1277.1225094292433,1280.7953983035607,4030540
2024-01-02,1296.255859375,1297.8937610136477,1277.0480485996618,1283.0039664322292,7448800
2024-01-03,1282.16015625,1307.3238832997818,1279.132516403198,1295.412048372221,9037536
2024-01-04,1288.7860107421875,1295.337616733607,1280.0755785995668,1284.4928354763001,9612778
2024-01-05,1294.2705078125,1300.3009471094986,1289.456165302221,1291.8881165287519,8086406
2024-01-08,1284.17041015625,1306.3064992127524,1275.0379299096924,1295.412156841061,7734652
2024-01-09,1280.7703857421875,1293.8237954235035,1279.132484246134,1290.4487513775189,5403074
2024-01-10,1315.3148193359375,1319.7320764251056,1278.0654937339266,1279.0333061103788,11102740
2024-01-11,1349.9088134765625,1352.489686993197,1318.7394856296971,1319.7321386109766,23725852
2024-01-12,1360.6541748046875,1363.2350482099334,1335.8626919019084,1349.9087552154863,15012164
2024-01-15,1383.8822021484375,1386.190071634762,1355.9638397810568,1364.8977157386187,8610594
2024-01-16,1364.5255126953125,1386.0413130880693,1360.4308194226976,1379.7627106993223,9069024
2024-01-17,1351.5714111328125,1376.0900120502974,1345.0696069219948,1349.5117047016763,12197382
2024-01-18,1357.8995361328125,1360.92717605878,1341.3222805612156,1341.4712027363942,10279438
2024-01-19,1357.4031982421875,1365.890429247957,1349.015329468004,1365.890429247957,10422704
2024-01-23,1318.8138427734375,1361.6716823004633,1312.8332056966303,1361.6716823004633,20055420
2024-01-24,1334.00146484375,1339.5851376107455,1314.1980872328543,1325.4149927095905,21919128
2024-01-25,1343.1337890625,1354.1274927557365,1325.390118278632,1333.0831783387705,11808872
2024-01-29,1437.4111328125,1441.8283899094502,1350.1817560391485,1354.474931519067,23893438
2024-01-30,1397.2830810546875,1449.2484377227322,1394.1066401470152,1449.2235971647833,14093978
2024-01-31,1416.1434326171875,1423.7124109217216,1392.1956815880876,1393.6846609266845,15130226
2024-02-01,1416.1683349609375,1432.745590517861,1407.631543948549,1424.4569627393994,13349362
2024-02-02,1446.990234375,1464.0639387350582,1422.6455164089482,1422.6455164089482,19652588
2024-02-05,1428.452392578125,1459.6961190035063,1421.007495677393,1450.0177530325548,8814432
2024-02-06,1417.3099365234375,1431.256637826339,1409.3934322746634,1431.256637826339,9047984
2024-02-07,1431.554443359375,1438.8504181404362,1418.7491963623445,1425.3752031215413,9296568
2024-02-08,1439.4708251953125,1448.752105824393,1417.0368932886952,1439.3467435794867,14694634
2024-02-09,1450.0177001953125,1461.1602045826953,1440.2896534634558,1443.31729322881,12556798
2024-02-12,1441.679443359375,1450.2659153474917,1431.7529141646626,1450.017752117624,6674430
2024-02-13,1454.335693359375,1468.1335924657844,1443.3172707540573,1444.806250056761,7715594
2024-02-14,1470.4912109375,1472.749520552248,1446.7916226083244,1446.7916226083244,7117888
2024-02-15,1459.79541015625,1473.8166331337911,1455.7503978374216,1472.4517353218182,10006782
2024-02-16,1449.843994140625,1466.1483668657747,1447.8339689108675,1465.6271998466532,9767498
2024-02-19,1463.17041015625,1468.6300012389227,1442.8458657695369,1451.3082561823699,6729828
2024-02-20,1460.21728515625,1464.659382736365,1451.0600862084646,1464.1878968342883,7117496
2024-02-21,1456.916748046875,1477.5888193115914,1446.8414171157522,1463.170510366537,12720292
2024-02-22,1470.863525390625,1474.0399663973683,1447.2880175600008,1457.36346935178,18493728
2024-02-23,1482.6512451171875,1486.5474563697878,1472.4517119404402,1478.556551746289,14438584
2024-02-26,1476.3974609375,1483.5446346905887,1471.607959051116,1482.5768223248915,7513106
2024-02-27,1474.73486328125,1488.9297276070065,1467.1907251784094,1472.1291493159843,10826044
2024-02-28,1444.930419921875,1480.3185210789975,1439.5205099276588,1472.1042938560004,8647950
2024-02-29,1450.0675048828125,1468.1088998815815,1443.8385832706604,1454.2365988812116,23628976
2024-03-01,1481.1622314453125,1488.979373154373,1451.7548888255137,1452.7475417409498,12132926
2024-03-04,1496.3250732421875,1501.337897909408,1476.2982516112518,1479.5243736818861,10024420
2024-03-05,1489.177978515625,1496.3251528023525,1475.1320355384912,1494.712091681268,7107668
2024-03-06,1491.957275390625,1497.9131926576536,1467.6372798835923,1482.4773919378927,7805676
2024-03-07,1468.059326171875,1492.056638756749,1464.7091224345347,1491.9325571368477,8315726
2024-03-11,1455.8248291015625,1478.060279979328,1452.747629113329,1478.060279979328,11277130
2024-03-12,1464.5849609375,1477.0675227494196,1454.261346490045,1455.8247263461558,9432678
2024-03-13,1421.6527099609375,1472.2034859914554,1417.2850129833478,1468.9029635812572,13522134
2024-03-14,1420.957763671875,1437.8825438227764,1415.0266869213976,1429.1223094125826,18571102
2024-03-15,1407.80517578125,1422.694969713975,1402.5193474045138,1415.4733954219128,19223818
2024-03-18,1428.899169921875,1431.1326391984185,1406.1178317705178,1409.56727675182,9169392
2024-03-19,1414.778564453125,1427.0378036957165,1406.8373411480031,1418.252849649116,8275764
2024-03-20,1433.1427001953125,1434.3835163859578,1413.562644941621,1417.4587350761735,8488806
2024-03-21,1440.3145751953125,1447.1887452733042,1434.060934378195,1441.8532357214951,13006936
2024-03-22,1444.3348388671875,1449.2732629085037,1436.716179238339,1439.321893152815,19527608
2024-03-26,1430.983642578125,1441.7291835759677,1428.4276096750873,1434.3835274360674,11415906
2024-03-27,1481.8818359375,1488.979328303771,1436.368725370371,1437.3613782559069,16326644
2024-03-28,1474.933349609375,1494.8856495085238,1467.786296896486,1481.90676076149,21854364
2024-04-01,1473.8662109375,1482.9985690062601,1471.60790139039,1481.5095896793896,5013880
2024-04-02,1476.025146484375,1483.0233977342266,1464.1629930776332,1473.0968689675985,8910166
2024-04-03,1460.7880859375,1473.5436523631188,1458.1079713887636,1471.186101560143,7008292
2024-04-04,1452.1767578125,1468.8780939901114,1439.3466709144527,1468.8780939901114,14490272
2024-04-05,1449.3724365234375,1459.9938949751336,1445.3025839763254,1450.1417667351745,7442298
2024-04-08,1475.057373046875,1480.0206375610207,1450.2658910334067,1452.226356281804,8357118
2024-04-09,1452.896484375,1478.8543827139295,1451.7549092714805,1478.060211901015,7071414
2024-04-10,1468.7044677734375,1476.0749645358123,1455.5766564963697,1455.5766564963697,9138330
2024-04-12,1456.370849609375,1475.5538200544618,1452.3257159957793,1465.0317226594827,15551012
2024-04-15,1454.062744140625,1471.2356878788278,1435.6986653849476,1450.2658952456557,12902062
2024-04-16,1454.98095703125,1460.3661473678603,1440.2649265731254,1442.6720371000315,9366184
2024-04-18,1453.5665283203125,1475.0823301585979,1448.628103973215,1452.7476380801534,19005692
2024-04-19,1459.323974609375,1463.1705049395248,1432.4231028577299,1446.0720814485837,15741778
2024-04-22,1468.9774169921875,1471.9305352298081,1457.0160218672338,1461.6317610616636,10350362
2024-04-23,1448.603271484375,1482.5272357774581,1444.8561033979943,1468.1337674689391,14605554
2024-04-24,1439.5205078125,1457.7605053579202,1438.8504186169605,1452.7475596039474,10462776
2024-04-25,1449.2484130859375,1457.189636393573,1430.9091747445573,1431.9018276580116,15943926
2024-04-26,1441.8780517578125,1454.236532179651,1439.3467383348082,1453.194198141131,9413848
2024-04-29,1454.2613525390625,1457.1152296530197,1439.3467183436048,1439.3467183436048,7247974
2024-04-30,1456.221923828125,1472.178772035999,1452.1272302795285,1457.214576809603,11474262
2024-05-02,1455.775146484375,1466.4708844514234,1453.3679147531318,1461.1850562736174,14512646
2024-05-03,1423.46435546875,1464.1134460205978,1405.7455242326487,1460.1925152681529,17226958
2024-05-06,1409.095703125,1429.4202480421582,1407.5818831415143,1424.9533097670264,7394208
2024-05-07,1391.17822265625,1410.311631866643,1381.772860502106,1405.571689953147,14517472
2024-05-08,1408.1278076171875,1422.42191231512,1387.2324157830615,1387.2324157830615,9439002
2024-05-09,1383.8822021484375,1413.2895438420787,1379.7875090012217,1402.6185253372132,11009612
2024-05-10,1397.0845947265625,1399.6406275450738,1377.8766636438304,1386.4879762578594,10505096
2024-05-13,1392.394287109375,1396.6379028351905,1373.8317248456565,1389.6149314683873,8456620
2024-05-14,1409.6416015625,1416.5901722719507,1389.7389824487905,1390.681954289976,7188300
2024-05-15,1405.86962890625,1419.468926315315,1402.6435067088078,1410.063563528233,5046534
2024-05-16,1414.8778076171875,1417.0120356183081,1387.75361519461,1408.1278405018506,14711774
2024-05-17,1425.15185546875,1426.6408349602225,1402.8668442157614,1412.5948920294334,10916476
2024-05-21,1425.57373046875,1431.231803864575,1415.1260338425998,1415.1260338425998,11176128
2024-05-22,1449.91845703125,1457.9837617014118,1425.722543020764,1425.722543020764,10281604
2024-05-23,1475.1319580078125,1481.2615172416956,1444.3100355832012,1447.8340020088174,14608260
2024-05-24,1469.37451171875,1477.5638984586112,1465.2549777906743,1472.724715385057,7094776
2024-05-27,1455.4774169921875,1473.990419113941,1450.8119965034373,1469.3497180106694,6629010
2024-05-28,1445.501220703125,1467.637430621861,1442.0766163922278,1457.2145743340495,7820162
2024-05-29,1430.1895751953125,1447.287997987601,1427.8815843874524,1435.8724890871501,7383556
2024-05-30,1414.3814697265625,1429.817270893488,1409.6663684202383,1424.9532474164846,13206858
2024-05-31,1419.8907470703125,1431.653659822201,1411.800601617005,1420.7841589242364,31069832
2024-06-03,1499.228515625,1503.3728901534053,1448.2806515244756,1472.1043222829317,21527942
2024-06-04,1387.0091552734375,1487.0437791255476,1349.3131842665355,1487.0437791255476,36709098
2024-06-05,1410.3116455078125,1420.6352601794422,1373.9308915121778,1411.5524616660985,17464890
2024-06-06,1421.0819091796875,1433.0929853880773,1410.9072166555904,1424.4569533735907,17855722
2024-06-07,1459.1500244140625,1461.1850112482903,1416.0193060772324,1418.004611799037,18558696
2024-06-10,1460.5894775390625,1482.3781598703026,1457.2888339961758,1459.150058153404,9251760
2024-06-11,1445.9727783203125,1462.847878399236,1443.9874724286744,1458.20717740815,11774902
2024-06-12,1452.57373046875,1465.155654220818,1444.4837064170613,1446.7915758989445,10081742
2024-06-13,1454.4847412109375,1461.433311890669,1449.3725542618724,1461.1851486521073,9181160
2024-06-14,1466.6944580078125,1468.8038455887872,1446.518713499826,1459.199879544848,8157998
2024-06-18,1470.1439208984375,1476.4720837189377,1460.5399547367645,1476.4224025999808,7196766
2024-06-19,1447.9332275390625,1476.571240472528,1445.3026730272272,1476.571240472528,8725874
2024-06-20,1462.87255859375,1471.9553570393568,1439.4459739347105,1448.2806091505108,16113776
2024-06-21,1443.515869140625,1463.8652545834836,1429.9909727182371,1462.7982011333013,31170360
2024-06-24,1430.88427734375,1438.8503408924523,1426.9385064042085,1434.9045699529108,8878386
2024-06-25,1443.46630859375,1445.2282918111714,1430.4128980926341,1432.3982039886682,7045386
2024-06-26,1502.9013671875,1507.8149506909176,1434.5075565031482,1435.425808927042,22014882
2024-06-27,1519.3050537109375,1526.2039433921725,1494.935374795845,1502.6284353235128,28383030
2024-06-28,1553.89892578125,1569.3842873036351,1519.7764812043604,1519.7764812043604,28957336
2024-07-01,1548.6875,1567.7960689891884,1544.2454023527885,1551.0450507194453,7724306
2024-07-02,1553.675537109375,1561.939323957406,1545.5605512562322,1557.968712393485,7749246
2024-07-03,1541.019287109375,1563.4283787351976,1531.440162014497,1554.8170660210362,9049620
2024-07-04,1542.6075439453125,1555.983518377374,1539.4062623766438,1545.5606622734106,6837176
2024-07-05,1576.9532470703125,1586.755694667964,1536.6267221432645,1542.4088769403465,12269710
2024-07-08,1589.1380615234375,1596.9800437158895,1570.8980643748457,1577.325467706802,9500806
2024-07-09,1578.5911865234375,1588.7410386525216,1568.887979750272,1585.8623208770043,6960002
2024-07-10,1572.5855712890625,1585.7630632323035,1551.6654591589945,1583.2814308954767,7134578
2024-07-11,1569.036865234375,1592.4634499565013,1558.9614138424095,1575.8365135146928,11940946
2024-07-12,1584.9937744140625,1593.3569240772113,1562.9320865975437,1572.8586162043875,12924784
2024-07-15,1585.4901123046875,1594.0517441522056,1573.8512804915936,1592.6620057625546,5329688
2024-07-16,1564.669189453125,1588.24469666931,1557.5965372882695,1581.792452589091,9386838
2024-07-18,1575.0177001953125,1582.1895936713806,1546.3795650620239,1564.4210812674708,12298374
2024-07-19,1543.7242431640625,1578.293333314245,1541.3915329908289,1574.3475621142547,13140390
2024-07-22,1489.6495361328125,1526.203933085127,1488.2597977476694,1525.9557698439748,19674376
2024-07-23,1476.96826171875,1494.6870915999891,1452.2511804820083,1489.9719903646578,18052044
2024-07-24,1484.7109375,1498.4095963901725,1465.552808673545,1474.0895996286229,11913362
2024-07-25,1481.435302734375,1489.4509269223795,1466.2228234080762,1470.1190347480779,12519876
2024-07-26,1497.9381103515625,1501.3131545447015,1479.4002684339398,1481.4352554076795,9859940
2024-07-29,1508.931640625,1516.2772962786503,1500.6678537480493,1500.8414953005092,7538550
2024-07-30,1502.0328369140625,1513.7957501477324,1498.9059558839842,1505.8793670988641,8228208
2024-07-31,1494.364501953125,1499.3524857083617,1490.1208866802617,1492.9499231376883,10057346
2024-08-01,1504.1671142578125,1506.8472288436842,1493.2479314401046,1500.8913109431162,10764222
2024-08-02,1488.309326171875,1498.2358556077295,1482.303848567256,1493.9426800961044,10268248
2024-08-05,1436.69140625,1472.997761203301,1422.7198642160924,1469.126390399314,17046704
2024-08-06,1445.352294921875,1466.6446510309138,1440.6619130584993,1444.4588830824964,10236186
2024-08-07,1454.062744140625,1461.6814036613468,1450.7622216985117,1458.2071184913539,8174568
2024-08-08,1438.4781494140625,1454.2365143735713,1435.3017085687702,1446.8164580997684,12387192
2024-08-09,1463.46826171875,1465.6520496932055,1445.3026646483625,1449.2732763644294,6249776
2024-08-12,1449.8936767578125,1462.1777566892652,1447.0397996020206,1459.199797918004,8184584
2024-08-13,1452.8717041015625,1459.2742672925806,1447.28803114191,1450.0178268110735,6265064
2024-08-14,1451.109619140625,1461.1850703208015,1443.0194737625147,1452.7972017764512,6267466
2024-08-16,1467.339599609375,1469.5235088888628,1447.3377388233519,1457.8598362701878,9416902
2024-08-19,1482.4791259765625,1492.3397678065596,1474.6105280885965,1476.6025720306277,13797742
2024-08-20,1489.9990234375,1497.9423959482733,1484.0976661921165,1491.268975771349,8411808
2024-08-21,1492.7132568359375,1501.8766102174725,1484.072717714687,1487.30978907883,7769996
2024-08-22,1492.1654052734375,1500.5070892244864,1484.720165407205,1497.0210123494212,10445782
2024-08-23,1494.008056640625,1505.3128818837536,1492.4642955105633,1497.768063961028,9249654
2024-08-26,1506.5828857421875,1516.941539085057,1497.021098650585,1500.9802618699923,8816114
2024-08-27,1494.481201171875,1507.4544123852302,1493.485179145279,1504.4912711730515,6251156
2024-08-28,1492.33984375,1501.4782728482842,1487.0608784010915,1499.0131426615155,9610286
2024-08-29,1514.874755859375,1530.885760314005,1488.0568158159556,1497.1205913811584,38335358
2024-08-30,1503.6197509765625,1533.599989641746,1497.3447635789732,1527.89778785993,41620730
2024-09-02,1510.2183837890625,1520.7264647058682,1500.6316718721823,1504.8647654458696,11240852
2024-09-03,1503.1217041015625,1516.941509382377,1501.5031683479538,1515.1984708784905,10923800
2024-09-04,1508.525146484375,1511.4633627071519,1493.534966971581,1494.7301447200666,11983304
2024-09-05,1487.035888671875,1519.7054581926027,1481.1345314015284,1513.0072347057646,16264168
2024-09-06,1458.997802734375,1491.0448575756723,1455.8105811316245,1486.5627588054047,19394228
2024-09-09,1456.63232421875,1464.07768593117,1449.809597840599,1460.666261949736,9010298
2024-09-10,1455.7110595703125,1466.1942153054945,1451.7766997689328,1454.6901127162012,10768260
2024-09-11,1445.7259521484375,1462.9073318760024,1441.7917138302157,1457.2300550346945,9760202
2024-09-12,1473.913330078125,1480.088617533546,1440.1232367942907,1451.2039809867947,22349376
2024-09-13,1466.766845703125,1477.2500011980833,1463.6542770635715,1470.5268529366479,8711328
2024-09-16,1465.4969482421875,1475.0090069946318,1458.9232273463058,1471.6723576050656,5481774
2024-09-17,1466.4432373046875,1471.5975781970765,1460.790763828237,1468.1364260685732,5935328
2024-09-18,1457.6282958984375,1476.10455198121,1454.7399294679985,1464.1522884024148,8574714
2024-09-19,1463.82861328125,1470.6264144806405,1449.7598031867433,1460.4171894563083,16955902
2024-09-20,1480.0140380859375,1489.0528890965668,1465.5218693608433,1468.136427109257,30897320
2024-09-23,1487.434326171875,1495.5270047691104,1483.026880271187,1485.0687739665293,8832314
2024-09-24,1483.4501953125,1494.530939532627,1481.9561623839436,1482.5786761041754,17137444
2024-09-25,1488.0069580078125,1490.5468626388433,1474.3116560624171,1477.9970102640052,7069002
2024-09-26,1491.9910888671875,1498.017070530802,1482.1305684499498,1484.7202013028073,18818998
2024-09-27,1520.1038818359375,1527.3747692811157,1486.0647823070499,1493.0369361114394,20597478
2024-09-30,1470.701171875,1518.9086621673466,1468.5348969230117,1513.3558880158446,27008814
2024-10-01,1458.997802734375,1482.0308103038055,1457.0057588364782,1474.7599230273088,16431642
2024-10-03,1401.3780517578125,1443.634334423912,1396.4975195620746,1430.8602791168494,37757294
2024-10-04,1381.0093994140625,1411.711728297617,1376.2782950115372,1398.34020617394,37072876
2024-10-07,1365.272216796875,1390.9447078848398,1355.9594355150189,1387.9566419173104,22181340
2024-10-08,1391.791259765625,1395.4267642320656,1359.669551595401,1367.513224520688,17020808
2024-10-09,1369.1318359375,1395.4019165531051,1367.0402140253339,1391.9656892391695,14310610
2024-10-10,1365.595947265625,1380.4864268287754,1363.9774115920343,1374.5352199766685,22358646
2024-10-11,1366.6417236328125,1377.7723178051706,1363.3797273571677,1364.5501018082973,7980122
2024-10-14,1367.0650634765625,1374.5849563155427,1362.8070452852592,1373.962442591221,12221432
2024-10-15,1338.678466796875,1366.243302159234,1335.3666207605413,1353.1207855156183,33762794
2024-10-16,1348.6884765625,1358.5740438069333,1332.3039628645522,1334.6695151768993,20034438
2024-10-17,1351.0291748046875,1363.0062419523483,1346.6715786036464,1360.2671814831224,15543660
2024-10-18,1353.8927001953125,1362.9814005892638,1335.9891081789099,1346.796043723323,12082452
2024-10-21,1363.7532958984375,1368.5342502099143,1352.3239675798945,1361.686598848784,14067408
2024-10-22,1338.006103515625,1370.5262455038624,1334.8935348257999,1363.7532474009167,15831960
2024-10-23,1333.2003173828125,1352.0748848775756,1329.689315659354,1332.1793705575924,17214742
2024-10-24,1334.4703369140625,1338.3547254831988,1317.8616212723593,1329.9633130042932,22155934
2024-10-25,1322.5677490234375,1339.002111534351,1316.7410448137834,1338.1555171764887,18597496
2024-10-28,1329.0418701171875,1347.6177038778262,1316.8406011796387,1331.6813526124565,10824350
2024-10-29,1334.66943359375,1337.856655249044,1315.0478495098762,1322.8167478889227,12008361
2024-10-30,1338.553955078125,1344.62966480214,1320.0776988278842,1329.6893351932274,11984423
2024-10-31,1326.7510986328125,1337.6574904459744,1320.8745447599274,1334.6694245700712,9331650
2024-11-01,1333.3248291015625,1336.6116286385318,1327.6972806767253,1327.7471304089104,2127335
2024-11-04,1296.9700927734375,1334.6695017714562,1279.9878687625326,1332.5280301195805,19796890
2024-11-05,1300.1075439453125,1304.3406373759979,1281.0336986406933,1287.8564249120313,16267479
2024-11-06,1320.0777587890625,1323.0160966964434,1295.0277806900112,1304.7888451117578,21625209
2024-11-07,1300.4561767578125,1318.7331565363688,1297.4182609581876,1318.7331565363688,9611974
2024-11-08,1278.6431884765625,1296.4720058402277,1269.9279963447846,1292.4879180085577,19814406
2024-11-11,1267.6370849609375,1280.884225507143,1261.9598084895413,1273.8622221377802,9056552
2024-11-12,1269.1810302734375,1284.1712099692156,1262.4578817905294,1270.4759075040322,10671091
2024-11-13,1247.0693359375,1270.3761523895544,1244.5294313213271,1265.196886863478,14633633
2024-11-14,1262.5574951171875,1267.537605244334,1246.1231316976048,1248.613186761178,12612633
2024-11-18,1255.7347412109375,1267.8364328732807,1238.951794764919,1262.55746761959,13620611
2024-11-19,1236.710693359375,1276.4021442257297,1230.236550606767,1255.734688515481,14183746
2024-11-21,1218.1348876953125,1239.0014996478671,1212.407761281373,1236.7107220331202,19433843
2024-11-22,1260.3662109375,1263.8024380613526,1217.586994857739,1224.509420421979,20471957
2024-11-25,1281.8802490234375,1299.260783408558,1277.3483005192684,1284.868314871977,28923341
2024-11-26,1290.545654296875,1292.687125909721,1279.0914013187908,1289.7986377983043,9247557
2024-11-27,1288.0555419921875,1298.6632001168684,1280.8842325588682,1288.3543972122054,9572746
2024-11-28,1265.7447509765625,1291.442044503892,1264.0017125526565,1284.818474176107,15027412
2024-11-29,1287.0595703125,1294.3305794929802,1270.177046170391,1274.9081506356404,13202307
2024-12-02,1303.9422607421875,1306.133460567327,1271.9699779978703,1282.876370557777,11024152
2024-12-03,1318.035888671875,1321.5219654799555,1301.8006823317874,1311.7609017834461,16869482
2024-12-04,1303.742919921875,1323.1156203515295,1298.8625094957517,1320.7251432865569,19608540
2024-12-05,1316.7908935546875,1324.6593698468237,1300.9541199209712,1309.1214514378748,16858723
2024-12-06,1306.3326416015625,1318.6334884089777,1304.7887589399247,1318.6334884089777,9037514
2024-12-09,1289.9979248046875,1309.7689372979064,1287.9560310594236,1297.8166732313093,14650002
2024-12-10,1279.73876953125,1289.7488386952925,1275.107243177966,1284.121290398709,16043729
2024-12-11,1273.115234375,1284.8683422637005,1270.9738844056644,1279.8882324099652,11724373
2024-12-12,1257.876220703125,1273.1152845047754,1255.5853214463157,1264.9479526569407,20906813
2024-12-13,1267.78662109375,1270.1272485556606,1234.6688884780408,1254.9877622795104,28630222
2024-12-16,1263.2547607421875,1275.904191603511,1261.511722229068,1269.9280595585296,9486781
2024-12-17,1240.34619140625,1258.8721754853295,1237.8561365143116,1256.033537225462,17462791
2024-12-18,1248.2645263671875,1254.9378248920182,1235.714673937889,1235.714673937889,12670179
2024-12-19,1225.55517578125,1239.947766097918,1224.1109925687356,1234.0712121990753,14244653
2024-12-20,1200.50537109375,1234.5692750261348,1196.7204388413884,1219.1309339507777,20312896
2024-12-23,1217.437744140625,1222.3181546925216,1208.3738466363206,1210.1667348774333,10052824
2024-12-24,1217.8858642578125,1228.6429501715868,1216.1428258096823,1217.4377030050357,6734917
2024-12-26,1211.7105712890625,1222.8161189414398,1209.4196721335327,1219.3798917928577,10016178
2024-12-27,1216.1927490234375,1223.0154756156849,1212.1588111658666,1213.4536884394554,7000397
2024-12-30,1205.8837890625,1218.3340640862093,1203.294156174512,1211.5611874241417,8818766
2024-12-31,1210.6148681640625,1214.2503727116298,1201.3519366916562,1203.1945530395503,6405475
